{
  "login": "sai11101989",
  "id": 10390415,
  "node_id": "MDQ6VXNlcjEwMzkwNDE1",
  "avatar_url": "https://avatars.githubusercontent.com/u/10390415?v=4",
  "gravatar_id": "",
  "url": "https://api.github.com/users/sai11101989",
  "html_url": "https://github.com/sai11101989",
  "followers_url": "https://api.github.com/users/sai11101989/followers",
  "following_url": "https://api.github.com/users/sai11101989/following{/other_user}",
  "gists_url": "https://api.github.com/users/sai11101989/gists{/gist_id}",
  "starred_url": "https://api.github.com/users/sai11101989/starred{/owner}{/repo}",
  "subscriptions_url": "https://api.github.com/users/sai11101989/subscriptions",
  "organizations_url": "https://api.github.com/users/sai11101989/orgs",
  "repos_url": "https://api.github.com/users/sai11101989/repos",
  "events_url": "https://api.github.com/users/sai11101989/events{/privacy}",
  "received_events_url": "https://api.github.com/users/sai11101989/received_events",
  "type": "User",
  "site_admin": false,
  "name": "Sai Anirudh",
  "company": "SERC, IIIT Hyderabad",
  "blog": "https://sai11101989.github.io/",
  "location": "Hyderabad",
  "email": null,
  "hireable": null,
  "bio": null,
  "twitter_username": "SaiAnirudhK1",
  "public_repos": 9,
  "public_gists": 0,
  "followers": 1,
  "following": 5,
  "created_at": "2015-01-04T15:16:11Z",
  "updated_at": "2022-08-30T04:54:09Z"
}

{
  "login": "iliakan",
  "id": 349336,
  "node_id": "MDQ6VXNlcjM0OTMzNg==",
  "avatar_url": "https://avatars.githubusercontent.com/u/349336?v=4",
  "gravatar_id": "",
  "url": "https://api.github.com/users/iliakan",
  "html_url": "https://github.com/iliakan",
  "followers_url": "https://api.github.com/users/iliakan/followers",
  "following_url": "https://api.github.com/users/iliakan/following{/other_user}",
  "gists_url": "https://api.github.com/users/iliakan/gists{/gist_id}",
  "starred_url": "https://api.github.com/users/iliakan/starred{/owner}{/repo}",
  "subscriptions_url": "https://api.github.com/users/iliakan/subscriptions",
  "organizations_url": "https://api.github.com/users/iliakan/orgs",
  "repos_url": "https://api.github.com/users/iliakan/repos",
  "events_url": "https://api.github.com/users/iliakan/events{/privacy}",
  "received_events_url": "https://api.github.com/users/iliakan/received_events",
  "type": "User",
  "site_admin": false,
  "name": "Ilya Kantor",
  "company": null,
  "blog": "https://javascript.info",
  "location": null,
  "email": null,
  "hireable": null,
  "bio": null,
  "twitter_username": null,
  "public_repos": 127,
  "public_gists": 731,
  "followers": 3215,
  "following": 0,
  "created_at": "2010-07-30T14:31:35Z",
  "updated_at": "2022-08-30T11:41:28Z"
}